step,x,y,z,(x+y+z)/3
0.03,nan,nan,nan,nan
0.02,9.910592,10.775280,7.600547,9.428806
0.01,10.331183,11.172229,7.769500,9.757637
