step,x,y,(x+y)/2
0.3,4.628571,2.063101,3.345836
0.1,1.662668,0.960586,1.311627
0.01,0.108122,0.070028,0.089075
